Source,Author,Title,Description,URL,Image URL,Published At,Content
NPR,Stephanie Rivera,The immigration journey: How long does it take to feel like an American?,What does it take to feel like an American - and to be treated like one? Several communities shared their perspectives on the immigrant experience.,https://www.npr.org/2025/01/16/nx-s1-5252812/american-immigration-safety-entrepreneurship,https://npr.brightspotcdn.com/dims3/default/strip/false/crop/3840x2160+0+0/resize/1400/quality/100/format/jpeg/?url=http%3A%2F%2Fnpr-brightspot.s3.amazonaws.com%2Fb1%2F8e%2Fda005def4ac5a3c9630022b0ebac%2Facrossthedivide4e.jpg,2025-01-16T21:20:46Z,Fatima Sadaf Saied is a daughter of immigrants and a mother of five. She has lived in Florida her whole life. She's an executive at a nonprofit. Yet she feels that people who don't know her don't alw… [+8530 chars]
Business Insider,Sydney Bradley,"Why 'private social networks' will drive the future of social media, according to a prominent investor in the space","Alex Hofmann, CEO of 9count, is betting on ""private social networks"" being the next big thing. He was formerly an exec at Musical.ly.",https://www.businessinsider.com/private-networks-next-big-social-media-trend-2025-1,https://i.insider.com/679b9d9b196626c40985cb69?width=1200&format=jpeg,2025-01-31T09:21:02Z,"Alex Hofmann is the CEO of the social-media conglomerate 9count.Courtesy of Alex Hofmann
<ul><li>Alex Hofmann founded 9count, a social media app conglomerate, in 2019 after leaving Musical.ly.</li><… [+4433 chars]"
Forbes,"Megan Bruneau, Contributor, 
 Megan Bruneau, Contributor
 https://www.forbes.com/sites/meganbruneau/people/meganbruneau/",8 Women Entrepreneurs On Building Businesses Alongside Mental Health Diagnoses,"There are costs to entrepreneurial independence: high pressure, relentless uncertainty, and the constant weight of having your livelihood rest entirely on your shoulders.",https://www.forbes.com/sites/meganbruneau/2025/01/30/the-hidden-struggles-entrepreneurs-with-mental-health-diagnoses/,"https://imageio.forbes.com/specials-images/imageserve/679184ab676c4c5849202b5b/0x0.jpg?format=jpg&crop=1920,1080,x0,y0,safe&height=900&width=1600&fit=bounds",2025-01-30T22:28:44Z,"Clockwise from top left: Jes Osrow, Emily Reza, Amanda Hofman, Natalie Nicole, Ashley Rector, Lexi ... [+] Hartmann St. Laurent, Danielle Thompson, and Stephanie Long.
YAUHENIYA PIRAHOVA
In my five… [+9914 chars]"
Forbes,"Megan Bruneau, Contributor, 
 Megan Bruneau, Contributor
 https://www.forbes.com/sites/meganbruneau/people/meganbruneau/",Why 6 Women Chose Entrepreneurship To Save Their Mental Health,"Flexibility and autonomy, plus the chance to align work with strengths and passions, provide a sense of agency and freedom for entrepreneurs with mental health challenges.",https://www.forbes.com/sites/meganbruneau/2025/01/27/why-6-women-chose-entrepreneurship-to-save-their-mental-health/,https://imageio.forbes.com/specials-images/imageserve/679183ac14756cf79cf99316/0x0.jpg?format=jpg&height=900&width=1600&fit=bounds,2025-01-27T22:59:34Z,"Clockwise from top left: Caroline Crawford, Vanessa Farino, Olivia Hipkins, Ariana Rodriguez, Grace ... [+] Nguyen, and Catalina Parker.
YAUHENIYA PIRAHOVA
In my five-part series on mental health a… [+7760 chars]"
Forbes,"Trevor Clawson, Contributor, 
 Trevor Clawson, Contributor
 https://www.forbes.com/sites/trevorclawson/",Female Social Entrepreneurs Face Age Barriers,"The mid to late thirties period is a prime time for starting a business, but as new research on social entrepreneurship finds, it's a tough age for female founders.",https://www.forbes.com/sites/trevorclawson/2025/01/19/female-social-entrepreneurs-face-age-barriers/,https://imageio.forbes.com/specials-images/imageserve/678a7b8b672acad9fcda0fd5/0x0.jpg?format=jpg&height=900&width=1600&fit=bounds,2025-01-19T07:56:41Z,"Professor Ute Stephan says social entrepreneurship has proved attractive to women
Nathan Clarke 
nathan@nathanclarkephotography.co.uk
www.nathanclarkephotography.co.uk
www.nathanclarkephotography… [+4768 chars]"
Forbes,"Maggie McGrath, Forbes Staff, 
 Maggie McGrath, Forbes Staff
 https://www.forbes.com/sites/maggiemcgrath/",How Women Are Penalized For ‘Masculine Energy.’ Plus: Is The Glass Cliff A Myth?,"Welcome to this week’s ForbesWomen newsletter, which every Thursday brings news about the world’s top female entrepreneurs, leaders and investors straight to your inbox.",https://www.forbes.com/sites/maggiemcgrath/2025/01/17/how-women-are-penalized-for-masculine-energy-plus-is-the-glass-cliff-a-myth/,"https://imageio.forbes.com/specials-images/imageserve/678ad96f523305c0a228be52/0x0.jpg?format=jpg&crop=3599,2024,x0,y563,safe&height=900&width=1600&fit=bounds",2025-01-17T22:30:04Z,"This is this weeks ForbesWomen newsletter, which every Thursday brings news about the worlds top female entrepreneurs, leaders and investors straight to your inbox. Click here to get on the newslette… [+5469 chars]"
Forbes,"Elaine Pofeldt, Senior Contributor, 
 Elaine Pofeldt, Senior Contributor
 https://www.forbes.com/sites/elainepofeldt/",Women Around The Globe Are Now Running High-Growth Startups In Record Numbers,"Women now make up the majority of entrepreneurs bringing innovations to market in Chile, Colombia, Iran, Lithuania, the Netherlands and Venezuela, according to the Global Entrepreneurship Monitor—and are launching startups in greater numbers.",https://www.forbes.com/sites/elainepofeldt/2025/01/31/women-around-the-globe-are-now-running-high-growth-startups-in-record-numbers/,https://imageio.forbes.com/specials-images/imageserve/679cd1fe6ec8fcbb6cbe4bac/0x0.jpg?format=jpg&height=900&width=1600&fit=bounds,2025-01-31T13:42:23Z,"Ariana Martín is determined to help cities harness their own wind energy through Roseo Eólica Urbana
, a startup she co-founded in northern Spain.
Komali Dadlani is working on turning smartphones i… [+7463 chars]"
Forbes,"Holly Eve, Contributor, 
 Holly Eve, Contributor
 https://www.forbes.com/sites/hollyeve/",From Grants To Loans: A Funding Roadmap For Female Business Owners,"Explore mission-based lenders, grant opportunities, and Cherub, a platform connecting women-owned businesses with angel investors.",https://www.forbes.com/sites/hollyeve/2025/01/23/from-grants-to-loans-a-funding-roadmap-for-female-business-owners/,https://imageio.forbes.com/specials-images/imageserve/6790b09a6c1a9d916a3c10f3/0x0.jpg?format=jpg&height=900&width=1600&fit=bounds,2025-01-23T21:27:44Z,"Getty
getty
Access to capital often determines whether a business scales successfully or shutters. It dictates whether a founder can transform their idea into a thriving small business, achieve gro… [+5598 chars]"
Forbes,"Maggie McGrath, Forbes Staff, 
 Maggie McGrath, Forbes Staff
 https://www.forbes.com/sites/maggiemcgrath/",How Wandia Gichuru Is Building East Africa’s Largest Fashion Brand. Plus: 10 Ways To Master The Art Of Letting Go,"Welcome to this week’s ForbesWomen newsletter, which every Thursday brings news about the world’s top female entrepreneurs, leaders and investors straight to your inbox.",https://www.forbes.com/sites/maggiemcgrath/2025/01/31/how-wandia-gichuru-is-building-east-africas-largest-fashion-brand-plus-10-ways-to-master-the-art-of-letting-go/,"https://imageio.forbes.com/specials-images/imageserve/679d50085c917e9ca369c128/0x0.jpg?format=jpg&crop=1080,810,x0,y30,safe&height=900&width=1600&fit=bounds",2025-01-31T22:38:42Z,"This is this weeks ForbesWomen newsletter, which every Thursday brings news about the worlds top female entrepreneurs, leaders and investors straight to your inbox. Click here to get on the newslette… [+6211 chars]"
Al Jazeera English,Al Jazeera Staff,Who are the Palestinian prisoners released by Israel?,"Palestinians are celebrating the release of 90 prisoners, including 69 women, most of whom were held without charges.",https://www.aljazeera.com/news/2025/1/20/who-are-the-palestinian-prisoners-released-by-israel,https://www.aljazeera.com/wp-content/uploads/2025/01/AFP__20250120__36UR467__v3__HighRes__TopshotPalestinianIsraelConflictCeasefirePrison-1737372966.jpg?resize=1920%2C1440,2025-01-20T16:08:30Z,"The Israeli-occupied West Bank has erupted in celebrations after 90 Palestinian prisoners, most of them women, were released from Israeli jails as part of an Israel-Hamas ceasefire.
Families in the … [+6604 chars]"
Forbes,"Melissa Houston, Contributor, 
 Melissa Houston, Contributor
 https://www.forbes.com/sites/melissahouston/",How Women Over 50 Are Redefining Success Through Entrepreneurship,That’s why we see a powerful shift happening in the world of entrepreneurship by an unexpected demographic: women over 50.,https://www.forbes.com/sites/melissahouston/2025/01/29/how-women-over-50-are-redefining-success-through-entrepreneurship/,"https://imageio.forbes.com/specials-images/imageserve/679797baee06e64e6786f830/0x0.jpg?format=jpg&crop=1618,1214,x101,y0,safe&height=900&width=1600&fit=bounds",2025-01-29T11:00:00Z,"How Women Over 50 Are Redefining Success Through Entrepreneurship
getty
For women over 50, success isnt solely about climbing corporate ladders or chasing traditional definitions of wealth. Its abo… [+3501 chars]"
Forbes,"Dax Grant, Forbes Councils Member, 
 Dax Grant, Forbes Councils Member
 https://www.forbes.com/councils/forbestechcouncil/people/daxgrant/",Mobile Optimization: Why Entrepreneurs Have Increased Focus On Mobile Experiences,Mobile optimization is no longer optional but essential for maintaining a competitive advantage.,https://www.forbes.com/councils/forbestechcouncil/2025/01/14/mobile-optimization-why-entrepreneurs-have-increased-focus-on-mobile-experiences/,https://imageio.forbes.com/specials-images/imageserve/67856234d8516ceca8030cc5/0x0.jpg?format=jpg&height=900&width=1600&fit=bounds,2025-01-14T13:00:00Z,"Dax Grant is the CEO of Global Transform and an authority on C-suite leadership. Global 100 CIO, 100 Women to Watch, CREA Global Award List.
getty
As an entrepreneur in today's fast-paced digital w… [+6294 chars]"
Forbes,"Andrew DeAngelo, Contributor, 
 Andrew DeAngelo, Contributor
 https://www.forbes.com/sites/andrewdeangelo/",France Gives Medical Cannabis A Tentative ‘Oui’,"The first medical marijuana conference in Bordeaux, France, featuring doctors, scientists, and entrepreneurs from the UK and Europe.",https://www.forbes.com/sites/andrewdeangelo/2025/01/28/france-gives-medical-cannabis-a-tentative-oui/,"https://imageio.forbes.com/specials-images/imageserve/67981969659bd13d0961452a/0x0.jpg?format=jpg&crop=4777,2848,x323,y552,safe&height=900&width=1600&fit=bounds",2025-01-28T17:52:45Z,"Therapeutic cannabis is currently in a trial phase in France. (Photo by: BSIP/Universal Images Group ... [+] via Getty Images)
Universal Images Group via Getty Images
France is an exceptional place… [+8913 chars]"
Forbes,"Melissa Houston, Contributor, 
 Melissa Houston, Contributor
 https://www.forbes.com/sites/melissahouston/",Imposter Syndrome And Success: How Millionaires Battle Self-Doubt,"It’s easy to assume that wealth and success bring unshakable confidence, but many high achievers battle the same self-doubt that plagues entrepreneurs: imposter syndrome.",https://www.forbes.com/sites/melissahouston/2025/01/26/imposter-syndrome-and-success-how-millionaires-battle-self-doubt/,"https://imageio.forbes.com/specials-images/imageserve/67951784f3686e5a48248f58/0x0.jpg?format=jpg&crop=2686,2012,x165,y0,safe&height=900&width=1600&fit=bounds",2025-01-26T11:00:00Z,"Imposter Syndrome And Success: How Millionaires Battle Self-Doubt
getty
Have you ever looked at a millionaire or a successful entrepreneur and assumed that they must have it all figured out? Its ea… [+4250 chars]"
Forbes,"Elena Volotovskaya, Forbes Councils Member, 
 Elena Volotovskaya, Forbes Councils Member
 https://www.forbes.com/councils/forbesfinancecouncil/people/elenavolotovskaya/",Investing In Women: A Strategic Imperative For Diverse And Profitable Venture Capital,Lack of representation significantly impacts innovation and overall performance within the sector.,https://www.forbes.com/councils/forbesfinancecouncil/2025/01/16/investing-in-women-a-strategic-imperative-for-diverse-and-profitable-venture-capital/,https://imageio.forbes.com/specials-images/imageserve/602ed07bf39c199333d7dcd3/0x0.jpg?format=jpg&height=900&width=1600&fit=bounds,2025-01-16T13:00:00Z,"Elena Volotovskaya is the Head of Softline Venture Partners.
getty
Diversity in venture capital (VC) has emerged as a pressing issue, with the industry facing a stark underrepresentation of women a… [+7044 chars]"
Deadline,Armando Tinoco,‘Real Housewives’ Star Nene Leakes & ‘Love & Hip Hop: Atlanta’ Star Sierra Glamshop To Co-Host ‘Me & My Homegirl’ Podcast,EXCLUSIVE: The Real Housewives of Atlanta alum Nene Leakes and Love & Hip Hop: Atlanta star Sierra Glamshop are set to co-host the Me & My Homegirl podcast. The reality stars and entrepreneurs will offer their podcast listeners a candid and unfiltered take on…,http://deadline.com/2025/01/real-housewives-nene-leakes-love-and-hip-hop-atlanta-sierra-glamshop-me-and-my-homegirl-podcast-1236252423/,https://deadline.com/wp-content/uploads/2025/01/nene-leakes-sierra-gates-me-and-my-homegirl-podcast.jpg?w=1024,2025-01-09T15:00:00Z,"EXCLUSIVE: The Real Housewives of Atlanta alum Nene Leakes and Love &amp; Hip Hop: Atlanta star Sierra Glamshop are set to co-host the Me &amp; My Homegirl podcast.
The reality stars and entrepreneu… [+2290 chars]"
Fsfe.org,,FOSDEM and DMA updates and 2025 YH4F and Our visions for 2048,"The new year has begun, offering 365 days to promote Free Software! As we prepare for FOSDEM and continue working on the DMA implementation, we are excited...",https://fsfe.org/news/nl/nl-202501.en.html,https://pics.fsfe.org/uploads/original/82/9c/2e418e502e5c07e3abaaa3a5bbbf.png,2025-01-14T13:23:49Z,"Newsletter
The new year has begun, offering 365 days to promote Free Software! As we prepare
for FOSDEM and continue working on the DMA implementation, we are excited 
to launch the fourth edition… [+8482 chars]"
Forbes,"Sughnen Yongo, Contributor, 
 Sughnen Yongo, Contributor
 https://www.forbes.com/sites/sughnenyongo/",5 Policy Changes Under Trump That Will Impact Black Women,Policies implemented during Donald Trump’s former presidency and the potential for their return with his re-election will have implications for the o...,https://www.forbes.com/sites/sughnenyongo/2025/01/23/5-policy-changes-under-trump-that-will-impact-black-women/,https://imageio.forbes.com/specials-images/imageserve/67910a39bc6d8681bdfe1f46/0x0.jpg?format=jpg&height=900&width=1600&fit=bounds,2025-01-23T12:30:08Z,"Black women working together in a business setting. 
getty
Black women have long been a focal demographic at the intersection of economic, social and political changes in the United States. In this… [+3562 chars]"
Forbes,"Elizabeth MacBride, Senior Contributor, 
 Elizabeth MacBride, Senior Contributor
 https://www.forbes.com/sites/elizabethmacbride/",‘Hardship Makes You Brave’: Afghan Women In Arkansas Aim For Entrepreneurship,Ahmadzai wants to introduce more people to the flavors of her country. She’s perfecting a chutney she plans to sell as part of a Cottage Industries program in Arkansas.,https://www.forbes.com/sites/elizabethmacbride/2025/01/24/hardship-makes-you-brave-afghan-women-in-arkansas-aim-for-entrepreneurship/,https://imageio.forbes.com/specials-images/imageserve/6793f9f8a54ac793f8ed1a5c/0x0.jpg?format=jpg&height=900&width=1600&fit=bounds,2025-01-24T21:01:17Z,"An Afghan woman graduates from the cottage industry program at Canopy, which provides refugee ... [+] services in Northwest Arkansas.
Canopy
Khalida Ahmadzai learned to make jalapeno chutney from h… [+7355 chars]"
Forbes,"Zoya Hasan, Forbes Staff, 
 Zoya Hasan, Forbes Staff
 https://www.forbes.com/sites/zoyahasan/","As Wildfires Rage, These Under 30s Turned Their Businesses Into Lifelines","Palisades residents Mary Ralph Lawson Bradley and Kennedy Crichlow lost everything in the Los Angeles wildfires—yet, they're amongst the Under 30 entrepreneurs that are helping victims recover.",https://www.forbes.com/sites/zoyahasan/2025/01/17/as-wildfires-rage-these-under-30s-turned-their-businesses-into-lifelines/,https://imageio.forbes.com/specials-images/imageserve/6789829d8c566d0c530d53ad/0x0.jpg?format=jpg&height=900&width=1600&fit=bounds,2025-01-17T13:00:00Z,"Think this is nice? Its a version of the weekly Under 30 newsletter and would be even better in your inbox. 
Kennedy Crichlow (left) and Mary Ralph Lawson Bradley (right).
Courtesy of Daily Drills… [+6504 chars]"
Forbes,"Amanda Miller Littlejohn, Contributor, 
 Amanda Miller Littlejohn, Contributor
 https://www.forbes.com/sites/amandamillerlittlejohn/",7 Podcasts To Help You Earn More And Work Smarter Without Burnout,7 must-listen podcasts hosted by women. These podcasts will help you approach ambition in a sustainable way so you have more time for what matters most to you in 2025.,https://www.forbes.com/sites/amandamillerlittlejohn/2025/01/09/7-podcasts-to-help-you-earn-more-and-work-smarter-without-burnout/,https://imageio.forbes.com/specials-images/imageserve/677feceb935785181443e700/0x0.jpg?format=jpg&height=900&width=1600&fit=bounds,2025-01-09T16:06:12Z,"Smiling and successful young woman recording podcast on interview in studio using equipments like ... [+] microphone, laptop and headphones
getty
If you're a midlife professional looking to redefin… [+5949 chars]"
Forbes,"Kevin Rozario, Contributor, 
 Kevin Rozario, Contributor
 https://www.forbes.com/sites/kevinrozario/",Trump’s Attack On The FAA’s DEI Efforts Will Impact Airport Retailing,"American airports, concessionaires, and the FAA are still reeling from the speed at which DEI initiatives might come to an end.",https://www.forbes.com/sites/kevinrozario/2025/02/01/trumps-attack-on-the-faas-dei-efforts-will-impact-airport-retailing/,"https://imageio.forbes.com/specials-images/imageserve/679dbd590e69c5a7e27cdcc4/0x0.jpg?format=jpg&crop=1200,675,x0,y40,safe&height=900&width=1600&fit=bounds",2025-02-01T06:51:13Z,"Dr Lord-Marcelle's Mother Earth juice bar is one of six new retail spaces at JFK Airport's Terminal ... [+] 8 run by local, women- and minority-owned entrepreneurs.
Unibail-Rodamco-Westfield
Donald… [+5364 chars]"
Al Jazeera English,Shola Lawal,Why has Ivory Coast’s national dish attieke become a global icon?,UN cultural agency UNESCO recognises the fermented cassava meal that takes days to prepare as a living heritage object.,https://www.aljazeera.com/features/2025/1/5/why-has-ivory-coasts-national-dish-attieke-become-a-global-icon,https://www.aljazeera.com/wp-content/uploads/2025/01/AFP__20150307__Par8114552__v2__HighRes__IcoastTraditionFeature-1735735510_f32e43-1735740037.jpg?resize=1200%2C630&quality=80,2025-01-05T08:25:43Z,"Rumour has it that some Ivorians can eat attieke morning, afternoon and night.
The fermented cassava meal has long been a marker of national identity in Ivory Coast, beloved across all levels of soc… [+7522 chars]"
Mindful.org,Georgina Miranda,A Guided Meditation to Reset and Let Go,"In this guided mindfulness practice, we release what no longer serves us and anchor in our inner wisdom, peace, and freedom.
The post A Guided Meditation to Reset and Let Go appeared first on Mindful.",https://www.mindful.org/a-guided-meditation-to-reset-and-let-go/,https://www.mindful.org/content/uploads/12MM_Georgina-Miranda_Reset-and-Let-Go.jpeg,2025-01-09T08:47:00Z,"Georgina is a global leader in change, transformation, mindfulness, conscious leadership development and the advancement of women. She is also a mountaineer athlete and activist igniting inspired act… [+642 chars]"
Forbes,"AllBusiness, Contributor, 
 AllBusiness, Contributor
 https://www.forbes.com/sites/allbusiness/people/AllBusiness/",7 Leaders Predict Small Business Trends For 2025,We've tapped into the expertise of seasoned small business leaders to learn about the biggest trends of 2025 as well as actionable insights for the coming year.,https://www.forbes.com/sites/allbusiness/2025/01/06/7-leaders-predict-small-business-trends-for-2025/,"https://imageio.forbes.com/specials-images/imageserve/673d26cd15b646f1569fac36/0x0.jpg?format=jpg&crop=2025,1139,x93,y0,safe&height=900&width=1600&fit=bounds",2025-01-06T17:41:09Z,"By Rieva Lesonsky
The momentum of female entrepreneurship is expected to accelerate in 2025.
getty
With innovative ways to build businesses, more strategies for offering hyper-personalized custome… [+12254 chars]"
Forbes,"Cheryl Robinson, Contributor, 
 Cheryl Robinson, Contributor
 https://www.forbes.com/sites/cherylrobinson/people/cherylrobinson5/",Chief’s Executive Transition Teaches Leaders How To Step Forward By Stepping Aside,"Carolyn Childers, Chief cofounder and current CEO, and Lindsay Kaplan, cofounder and CBO, are transitioning to board positions. Alison Moore to become CEO of Chief.",https://www.forbes.com/sites/cherylrobinson/2025/01/15/chiefs-executive-transition-teaches-leaders-how-to-step-forward-by-stepping-aside/,"https://imageio.forbes.com/specials-images/imageserve/6787a81d3cfad63e64136b16/0x0.jpg?format=jpg&crop=2370,1333,x0,y0,safe&height=900&width=1600&fit=bounds",2025-01-15T15:00:00Z,"Caption: Chief's new CEO Alison Moore (center) with cofounder Lindsay Kaplan (left) and former CEO ... [+] and cofounder Carolyn Childers (right).
Johannes Oberman
Carolyn Childers and Lindsay Kapl… [+7375 chars]"
Forbes,"Gemma Allen, Contributor, 
 Gemma Allen, Contributor
 https://www.forbes.com/sites/gemmaallen/",TikTok Crisis 2025: Legacy Impact On Female Business And GenZ,TikTok's temporary blackout reveals its complex role: a catalyst for female entrepreneurship yet a double-edged sword reshaping women's identity and mental health,https://www.forbes.com/sites/gemmaallen/2025/01/29/tiktok-crisis-2025-legacy-impact-on-female-business-and-genz/,https://imageio.forbes.com/specials-images/imageserve/679941dac261c9b9a2dc1546/0x0.jpg?format=jpg&height=900&width=1600&fit=bounds,2025-01-30T02:30:37Z,"WASHINGTON, DC - JANUARY 10: (L-R) Sarah Baus of Charleston, S.C., holds a sign that reads ""Keep ... [+] TikTok"" as she and other content creators Sallye Miley of Jackson, Mississippi, and Callie Goo… [+6751 chars]"
Thedailymash.co.uk,The Daily Mash,When will cowardly Starmer follow Trump’s example and pardon our selfless drug dealers?,THEY work all hours. They’re entrepreneurs. And nothing matters more to them than putting a smile on their customers’ faces. So why are they locked up?,https://www.thedailymash.co.uk/politics/when-will-cowardly-starmer-follow-trumps-example-and-pardon-our-selfless-drug-dealers-20250122254175,https://cdn.thedailymash.co.uk/wp-content/uploads/20250122125939/locked-up-667x375-1.jpg,2025-01-22T13:03:06Z,"By Abigail Pennson, our reasonable, plain-speaking middle-class columnist who loves Britain so much she wishes it was America
THEY work all hours. Theyre entrepreneurs. And nothing matters more to t… [+1514 chars]"
TechRadar,Craig Hale,Microsoft reveals billion-dollar cloud and AI investment plan in India,Satya Nadella confirms $3 billion Microsoft investment to help equip India with artificial intelligence skills.,https://www.techradar.com/pro/microsoft-reveals-billion-dollar-cloud-and-ai-investment-plan-in-india,https://cdn.mos.cms.futurecdn.net/4xXbwrU8iJGtbjCNHwgmcm-1200-80.jpg,2025-01-08T12:00:00Z,<ul><li>India set to receive $3 billion from Microsoft over the next two years</li><li>The company wants to upskill 10 million citizens by 2030</li><li>Further workshops and opportunities will suppor… [+2278 chars]
Hubspot.com,hello@kaylalewkowicz.com (Kayla Voigt),How to Find Investors: A Guide for Entrepreneurs,The dominant narrative of business growth focuses on unicorn startups helmed by eccentric but brilliant Silicon Valley technocrats that venture capital firms pour money into. The true reality is that most startups and small businesses rely on personal savings…,https://blog.hubspot.com/sales/find-investors#article,https://www.hubspot.com/hubfs/how-to-find-investors.webp,2025-01-28T12:00:00Z,The dominant narrative of business growth focuses on unicorn startups helmed by eccentric but brilliant Silicon Valley technocrats that venture capital firms pour money into. The true reality is that… [+17391 chars]
Skift,Rashaad Jorden,"Hotel CEOs’ Diversity Embrace, D.C.’s Crash Investigation and Japan's Indian Tourist Boom","On today’s podcast we discuss hotel CEOs and their business-first embrace of diversity, the ongoing airline crash investigation in Washington, D.C., and an Indian tourist boom in Japan. -Rashaad Jorden",http://skift.com/2025/01/31/hotel-ceos-diversity-embrace-d-c-s-crash-investigation-and-japans-indian-tourist-boom/,https://skift.com/wp-content/uploads/2025/01/AdobeStock_320089338.jpeg,2025-01-31T12:20:30Z,"Good morning from Skift. Its Friday, January 31, and heres what you need to know about the business of travel today.
With diversity initiatives under threat by the Trump Administration, CEOs of larg… [+1839 chars]"
Forbes,"Maggie McGrath, Forbes Staff, 
 Maggie McGrath, Forbes Staff
 https://www.forbes.com/sites/maggiemcgrath/",50 Over 50 Global: 2025,The Forbes' 50 Over 50 Global List 2025 highlights women 50 and over who are making an impact across a wide range of industries ranging from finance to fashion.,https://www.forbes.com/sites/maggiemcgrath/2025/01/23/50-over-50-global-2025/,"https://imageio.forbes.com/specials-images/imageserve/6792ba5eb2d6024a82b85e20/0x0.jpg?format=jpg&crop=1920,1080,x0,y0,safe&height=900&width=1600&fit=bounds",2025-01-23T23:00:06Z,"View the list: A-C
64 | Cofounder and Associate Scientific Director, CAPRISA | South Africa
Quarraisha Abdool Karim
An infectious diseases epidemiologist, Quarraisha Abdool Karim is one of the wor… [+35231 chars]"
Forbes,"Murtaza Ali, Forbes Councils Member, 
 Murtaza Ali, Forbes Councils Member
 https://www.forbes.com/councils/forbesfinancecouncil/people/murtazaali/",Betting On Disruption: Lessons On Defying Organizational Collapse,Here's how our organization defied collapse and turned itself around.,https://www.forbes.com/councils/forbesfinancecouncil/2025/01/27/betting-on-disruption-lessons-on-defying-organizational-collapse/,https://imageio.forbes.com/specials-images/imageserve/67936facea2e21dc940d2981/0x0.jpg?format=jpg&height=900&width=1600&fit=bounds,2025-01-27T13:15:00Z,"Murtaza Ali is President of JazzCash.
getty
Throughout business history, only a handful of companies have been able to successfully escape near-total collapse by transforming their business. The mo… [+6170 chars]"
Forbes,"Chaitra Vedullapalli, Forbes Councils Member, 
 Chaitra Vedullapalli, Forbes Councils Member
 https://www.forbes.com/councils/forbestechcouncil/people/chaitravedullapalli/",Leadership Dilemma: Influence Without Authority—How To Navigate This Challenge,Here's why influence without authority frequently fails.,https://www.forbes.com/councils/forbestechcouncil/2025/01/22/leadership-dilemma-influence-without-authority-how-to-navigate-this-challenge/,https://imageio.forbes.com/specials-images/imageserve/62ff94ed792fc2f8995f25e6/0x0.jpg?format=jpg&height=900&width=1600&fit=bounds,2025-01-22T12:45:00Z,"Cofounder of Women in Cloud. I influence brands and entrepreneurs to build thriving ecosystems through GTM strategies and partnerships.
getty
I believe influence often matters more than formal auth… [+4167 chars]"
Commonreader.co.uk,"Henry Oliver, Hollis Robbins (@Anecdotal)",Is Atlas Shrugged the New Vibe?,It's time to take Ayn Rand seriously.,https://www.commonreader.co.uk/p/is-atlas-shrugged-the-new-vibe,"https://substackcdn.com/image/fetch/w_1200,h_600,c_fill,f_jpg,q_auto:good,fl_progressive:steep,g_auto/https%3A%2F%2Fsubstack-post-media.s3.amazonaws.com%2Fpublic%2Fimages%2Fa96d43e4-bb5b-491a-a122-f7424d99fd79_918x645.jpeg",2025-01-18T15:16:37Z,"Atlas Shrugged seems to be everywhere today. Randian villains are in the news. Rand remains influential on the right, from the Reagan era to the modern libertarian movement. Perhaps most significantl… [+87173 chars]"
Addicted2success.com,Addicted2Success Editor,The ONE Thing Most Entrepreneurs Forget When Building Their Empire,"Balance entrepreneurship and health with these wellness strategies
The post The ONE Thing Most Entrepreneurs Forget When Building Their Empire appeared first on Addicted 2 Success.",https://addicted2success.com/entrepreneur-profile/the-one-thing-most-entrepreneurs-forget-when-building-their-empire/,https://addicted2success.com/wp-content/uploads/2025/01/The-ONE-Thing-Most-Entrepreneurs-Forget-When-Building-Their-Empire.png,2025-01-30T21:00:34Z,"Did you know that there is an extremely fine line between entrepreneurship and workaholism? Many business owners fail to recognize this line, striving to burn the midnight oil. 
In the short run, it… [+6824 chars]"
Forbes,"Javier Hasse, Senior Contributor, 
 Javier Hasse, Senior Contributor
 https://www.forbes.com/sites/javierhasse/","How Queen Zulu, Dr. Macias, Lost Her Home, Then Built A Cannabis Empire And Inspired Brittney Griner","The journey of Queen Zulu, Dr. Chanda Macias, from losing her home to pioneering a cannabis empire and inspiring Brittney Griner to embrace the power of the plant.",https://www.forbes.com/sites/javierhasse/2025/01/06/how-queen-zulu-dr-macias-lost-her-home-then-built-a-cannabis-empire-and-inspired-brittney-griner/,"https://imageio.forbes.com/specials-images/imageserve/67798c3b3cd2881d687dae8c/0x0.jpg?format=jpg&crop=1577,888,x0,y33,safe&height=900&width=1600&fit=bounds",2025-01-06T15:14:39Z,"Dr. Chanda Macias.
Courtesy of Women Grow
I believed in the plant, even when everyone told me I was throwing my life away, says Dr. Chanda Macias.
Her words land with the weight of a life defined … [+24641 chars]"
Vox,Rebecca Jennings,My descent into glow-up madness,"Sometime last spring, I decided to glow up. This is an extremely embarrassing thing to admit, or at least it should be. But this is America. If you’re not “glowing up,” which is to say, committing all of your time and money to the endless quest of self-improv…",https://www.vox.com/culture/393018/glow-up-challenges-75-hotter-tiktok,https://platform.vox.com/wp-content/uploads/sites/2/2025/01/Vox-Jan2025-SiobhanGallagher.jpg?quality=90&strip=all&crop=0%2C10.732984293194%2C100%2C78.534031413613&w=1200,2025-01-02T23:07:19Z,"Sometime last spring, I decided to glow up. This is an extremely embarrassing thing to admit, or at least it should be. But this is America. If youre not glowing up, which is to say, committing all o… [+18070 chars]"
Forbes,"Geri Stengel, Contributor, 
 Geri Stengel, Contributor
 https://www.forbes.com/sites/geristengel/",Women’s Health: A New Frontier For VC Investment Report Finds,"Investing in women’s health can drive innovation, improve health outcomes for women globally, and unlock significant financial returns and economic growth.",https://www.forbes.com/sites/geristengel/2025/01/14/womens-health-a-new-frontier-for-vc-investment-report-finds/,https://imageio.forbes.com/specials-images/imageserve/6782a3e5095b18d97172bc84/0x0.jpg?format=jpg&height=900&width=1600&fit=bounds,2025-01-14T08:00:00Z,"Women's healthcare is increasingly tailored to their life stage and medical needs.
getty
""The WHAM Report: The Business Case for Accelerating Womens Health Investment,"" released today at the J.P. M… [+8195 chars]"
Hubspot.com,fneedle@hubspot.com (Flori Needle),Entrepreneurs Are Struggling With Mental Health — Here’s How They Manage Their Stress,"Entrepreneurs are more likely to self-report having mental health struggles, which makes sense—starting a business from scratch can be risky, exhilarating, and exhausting, often all at once.",https://blog.hubspot.com/sales/entrepreneurs-are-struggling-with-mental-health-but-wheres-the-support#article,https://www.hubspot.com/hubfs/entrepreneur%20mental%20health.webp,2025-01-09T12:00:00Z,"Entrepreneurs are more likely to self-report having mental health struggles, which makes sensestarting a business from scratch can be risky, exhilarating, and exhausting, often all at once.
Whats mo… [+12171 chars]"
Forbes,"Pete Wilkins, Contributor, 
 Pete Wilkins, Contributor
 https://www.forbes.com/sites/peterandrewwilkins/",How Simple Mills' $795 Million Deal Will Ignite Chicago's Startup Scene In 2025,Simple Mills' $795 acquisition by Flowers Foods is significant for the startup community in Chicago for several important reasons.,https://www.forbes.com/sites/peterandrewwilkins/2025/01/30/how-simple-mills-795-million-deal-will-ignite-chicagos-startup-scene-in-2025/,"https://imageio.forbes.com/specials-images/imageserve/679b89bd97f23707c1cecb65/0x0.jpg?format=jpg&crop=3536,1988,x0,y182,safe&height=900&width=1600&fit=bounds",2025-01-30T14:44:18Z,"Simple Mills' Founder and CEO, Katlin Smith
Simple Mills
A remarkable startup narrative is unfolding at the start of 2025, one that resonates far beyond the confines of the city: Simple Mills, a pi… [+5475 chars]"
Yahoo Entertainment,WXYZ-Detroit Videos,"Femology, a Detroit organization empowering female entrepreneurs, launches at NewLab","Meagan Ward is a powerhouse and has made it her mission to put women at the forefront of business. She does so through her organization, Femology.",https://consent.yahoo.com/v2/collectConsent?sessionId=1_cc-session_cfd45be8-7b37-4ba7-bf3a-b96e301e7544,,2025-01-23T22:47:44Z,"If you click 'Accept all', we and our partners, including 239 who are part of the IAB Transparency &amp; Consent Framework, will also store and/or access information on a device (in other words, use … [+703 chars]"
Forbes,"Gemma Allen, Contributor, 
 Gemma Allen, Contributor
 https://www.forbes.com/sites/gemmaallen/",Mark Zuckerberg’s ‘Masculine Energy’ Is Tech’s Power Play Laid Bare,"Mark Zuckerberg's 'masculine energy'  coincides with tech's cultural shift: DEI rollbacks, AI advancement, and the return of Trump expose Silicon Valley's power dynamics.",https://www.forbes.com/sites/gemmaallen/2025/01/19/mark-zuckerbergs-masculine-energy-is-techs-power-play-laid-bare/,https://imageio.forbes.com/specials-images/imageserve/67887c7b4defd2eebf52b320/0x0.jpg?format=jpg&height=900&width=1600&fit=bounds,2025-01-19T23:30:23Z,"ANAHEIM, CALIFORNIA - FEBRUARY 17: Alexander Volkanovski of Australia prepares to face Ilia Topuria ... [+] in their featherweight title fight as Mark Zuckerberg looks on during UFC 298 at Honda Cent… [+8434 chars]"
IndieWire,David Ehrlich,‘Cutting Through Rocks’ Review: A Sharp Documentary Profiles a Motorcycle-Loving Woman Who Takes on the Patriarchy in Rural Iran,"Sundance: Sara Khaki and Mohammadreza Eyni’s precisely lensed film follows Sara Shahverdi, the first councilwoman in the history of her remote village.",https://www.indiewire.com/criticism/movies/cutting-through-rocks-review-movie-review-sara-shahverdi-1235089757/,https://www.indiewire.com/wp-content/uploads/2025/01/i3100iwe2snvwhlrzyCutting_Through_Rocks_Still3.jpeg?w=650,2025-01-29T15:45:00Z,"Sara Khaki and Mohammadreza Eyni’s precisely lensed “Cutting Through Rocks“ is a deftly shaped work of cinematic nonfiction that opens with a literal bang, as we cut from a black screen to a middle-a… [+6644 chars]"
Forbes,"Kimi Evans, Forbes Councils Member, 
 Kimi Evans, Forbes Councils Member
 https://www.forbes.com/councils/forbesbusinesscouncil/people/kimievans/","For Loyalty And Success, Center Your Business In Community","Creating a community-centered business takes effort, but it’s worth it.",https://www.forbes.com/councils/forbesbusinesscouncil/2025/01/24/for-loyalty-and-success-center-your-business-in-community/,https://imageio.forbes.com/specials-images/imageserve/5f2dc22afaff939159573985/0x0.jpg?format=jpg&height=900&width=1600&fit=bounds,2025-01-24T14:45:00Z,"Kimi Evans is a meteorologist and former TV news personality in L.A., San Diego, and Hawaii. Owner of Honor Pilates.
getty
Community is a must in our everyday lives, but did you know it also serves… [+4477 chars]"
Forbes,"Diane Wang, Forbes Books Author, 
 Diane Wang, Forbes Books Author
 https://www.forbes.com/sites/forbesbooksauthors/people/dianewang/","Bored or Burned Out? Remember, You Are an Experiment",Ask yourself what steps you to take to pursue your dreams. Life is about growth. Growth is about risk. It is about knowing you are taking a chance and doing it anyway.,https://www.forbes.com/sites/forbesbooksauthors/2025/01/28/bored-or-burned-out-remember-you-are-an-experiment/,https://imageio.forbes.com/specials-images/imageserve/6799224d4daa38b40db6f01b/0x0.jpg?format=jpg&height=900&width=1600&fit=bounds,2025-01-28T18:31:58Z,"Freedom comes from getting out of a rut.
getty
Regardless of where you are in your life and career, what do you see when you look back? A clear path? If youre like most of us, maybe not.
Maybe you… [+3763 chars]"
Venturesquare.net,오효진,"한국여성벤처협회, ‘선배기업 브릿지 네트워킹 데이’ 개최","한국여성벤처협회가 ‘2024년 예비창업패키지 여성특화분야 선배기업 브릿지 네트워킹 데이’를 개최, 창업자와 선배 기업인들이 경험을 공유하고 해결책을 모색하는 기회를 제공했다.
The post 한국여성벤처협회, ‘선배기업 브릿지 네트워킹 데이’ 개최 appeared first on 벤처스퀘어.",https://www.venturesquare.net/954996,https://www.venturesquare.net/wp-content/uploads/2025/01/117.jpg,2025-01-20T06:18:57Z,", . . 50 . . . , 1:1 . , . , . . , . , .Korea Women's Venture Association holds 'Senior Company Bridge Networking Day' 
The Korea Women's Venture Association (Chairperson Mi-ok Yoon) announced on th… [+5447 chars]"
Phys.Org,Tinashe Sithole,Africa without borders could help the continent prosper. What's getting in the way?,"The vision of a ""borderless Africa"" is one of unity and shared prosperity for the continent. It is rooted in the ideals of the pan-Africanist movement.",https://phys.org/news/2025-01-africa-borders-continent-prosper.html,https://scx2.b-cdn.net/gfx/news/hires/2015/africa.jpg,2025-01-22T18:20:08Z,"The vision of a ""borderless Africa"" is one of unity and shared prosperity for the continent. It is rooted in the ideals of the pan-Africanist movement.
There are contradictions, however, between tho… [+7698 chars]"
BusinessLine,GP Hinduja,A Budget for sabka vikas,"The reforms are aimed at fostering inclusive growth and economic resilience across various sectors, with particular emphasis on the middle class, farmers and women entrepreneurs.",https://www.thehindubusinessline.com/opinion/a-budget-for-sabka-vikas/article69170230.ece,https://bl-i.thgim.com/public/incoming/34hyv8/article69170227.ece/alternates/LANDSCAPE_1200/PTI02_01_2025_000320A.jpg,2025-02-01T18:00:13Z,"With fiscal prudence at the core, a budget bonanza for the middle class reinforces Amritkaal.
The reforms are aimed at fostering inclusive growth and economic resilience across various sectors, with… [+2593 chars]"
Venturesquare.net,강진희,"한국여성벤처협회, ‘여성벤처&스타트업 커넥트데이’ 종료","한국여성벤처협회는 '여성벤처&스타트업 커넥트데이' 행사를 개최했다고 밝혔다.
The post 한국여성벤처협회, ‘여성벤처&스타트업 커넥트데이’ 종료 appeared first on 벤처스퀘어.",https://www.venturesquare.net/954856,https://www.venturesquare.net/wp-content/uploads/2025/01/ksdhgjdf.jpg,2025-01-20T06:17:38Z,"‘&amp; ’ . , .
 1 IR , 13 . , . BM , , , · 1:1 .
2 . 2025 , . , .
, , , , . , , .
 () .
Korea Women's Venture Association, 'Women's Venture &amp; Startup Connect Day' Ends 
The Korea Women Vent… [+4509 chars]"
Nextcity.org,Ilana Preuss (Op-Ed),A Pittsburgh Sewing Network Shows How Entrepreneurs Can Thrive in Place,"(Images courtesy Knotzland)


 






This piece is part of a new series on women entrepreneurs addressing community and economic development needs through small-scale manufacturing.

Despite no formal sewing training and few successful entrepreneurship exam…",https://nextcity.org/urbanist-news/pittsburgh-sewing-network-entrepreneur-knotzland-nisha-blackwell,https://nextcity.org/images/daily/_resized/nisha_blackwell_knotzland.jpg,2025-01-27T11:00:00Z,"This piece is part of a new series on women entrepreneurs addressing community and economic development needs through small-scale manufacturing.
Despite no formal sewing training and few successful … [+6243 chars]"
Forbes,"Ann Abel, Senior Contributor, 
 Ann Abel, Senior Contributor
 https://www.forbes.com/sites/annabel/",This Travel Startup Is Bringing Adventure Racing To New Audiences,"Founded by adventure racers, Terra Venture gives everyday people the transformative experience of leaving their comfort zone—without training like an elite athlete",https://www.forbes.com/sites/annabel/2025/01/30/this-travel-startup-is-bringing-adventure-racing-to-new-audiences/,https://imageio.forbes.com/specials-images/imageserve/679ba0f835d5d7112323bf05/0x0.jpg?format=jpg&height=900&width=1600&fit=bounds,2025-01-30T16:06:39Z,"Cycling through the Colombian wilderness
Courtesy of Terra Venture
You fit like a years worth of emotionhighs and lowsinto one week, says adventure racer Rob Preston about his chosen sport. Its som… [+6101 chars]"
Bitsaboutmoney.com,Patrick McKenzie (patio11),A Very Chicago Gamble,Chicago and Bally's have teamed up in an investment offering.,https://www.bitsaboutmoney.com/archive/chicago-casino-investment-offering/,https://www.bitsaboutmoney.com/content/images/2025/01/chicago-casino-capital-raise-dalle.jpg,2025-01-24T19:56:31Z,"This column doesnt offer investment advice, as I am not a registered investment advisor. This is not merely a mandatory disclaimer; this is a warning. We will discuss some specific securities below t… [+36373 chars]"
Iasexamportal.com,trainee5,(GIST OF KURUKSHETRA) COMPREHENSIVE ECOSYSTEM FOR RURAL WOMEN ENTREPRENEURSHIP,,https://iasexamportal.com/the-gist/kurukshetra-comprehensive-ecosystem-for-rural-women-entrepreneurship,,2025-01-02T13:59:14Z,"(GIST OF KURUKSHETRA) COMPREHENSIVE ECOSYSTEM FOR RURAL WOMEN ENTREPRENEURSHIP
(DECEMBER-2024)
COMPREHENSIVE ECOSYSTEM FOR RURAL WOMEN ENTREPRENEURSHIP
Introduction
India, recognized as one of th… [+5682 chars]"
Forbes,"Melissa Houston, Contributor, 
 Melissa Houston, Contributor
 https://www.forbes.com/sites/melissahouston/",Money Mindset Shifts For Small Business Owners,A healthy money mindset isn’t just about thinking positively. It is about having a positive relationship with money so that you can confidently make financial decisions.,https://www.forbes.com/sites/melissahouston/2025/01/22/money-mindset-shifts-for-small-business-owners/,https://imageio.forbes.com/specials-images/imageserve/6415d28bca904a8fd5990532/0x0.jpg?format=jpg&height=900&width=1600&fit=bounds,2025-01-22T11:00:00Z,"Money Mindset Shifts For Small Business Owners
getty
Your business will only grow as much as your mindset allows. This is what separates thriving business owners from ones who are constantly strugg… [+4186 chars]"
Thedailymash.co.uk,The Daily Mash,Vape shops selling illegal kazoos,,https://www.thedailymash.co.uk/news/health/vape-shops-selling-illegal-kazoos-20250122254179,https://cdn.thedailymash.co.uk/wp-content/uploads/20250122151533/kazoo-2000x1124-3.jpg,2025-01-22T16:02:01Z,"By Abigail Pennson, our reasonable, plain-speaking middle-class columnist who loves Britain so much she wishes it was America
THEY work all hours. Theyre entrepreneurs. And nothing matters more to t… [+1514 chars]"
Forbes,"Danielle Chemtob, Forbes Staff, 
 Danielle Chemtob, Forbes Staff
 https://www.forbes.com/sites/daniellechemtob/",Forbes Daily: Supreme Court Could Rule On TikTok Case As Ban Looms,"Friday's Forbes Daily covers a billionaire's plans for a legendary Las Vegas property, what's next for the TikTok ban, Musk and Bezos apparently make amends and more",https://www.forbes.com/sites/daniellechemtob/2025/01/17/forbes-daily-supreme-court-could-rule-on-tiktok-case-as-ban-looms/,"https://imageio.forbes.com/specials-images/imageserve/678a549204d72d4e5614c05b/0x0.jpg?format=jpg&crop=4759,2676,x0,y237,safe&height=900&width=1600&fit=bounds",2025-01-17T13:03:49Z,"This is a published version of the Forbes Daily newsletter, you can sign-up to get Forbes Daily in your inbox here.
Good morning,
The FDA has finally greenlit the popular nicotine pouches that are … [+8166 chars]"
BusinessLine,K Ram Kumar,Budget proposals to give a fillip to Bank credit growth,"Sitharaman said a new scheme for 5 lakh first-time entrepreneurs, including women, SCs and STs, will be launched to provide term loans up to ₹2 crore during the next 5 years",https://www.thehindubusinessline.com/money-and-banking/budget-proposals-to-give-a-fillip-to-bank-credit-growth/article69168702.ece,https://bl-i.thgim.com/public/incoming/b1v1in/article69168800.ece/alternates/LANDSCAPE_1200/419158515.jpg,2025-02-01T13:20:10Z,"Bank credit could get a fillip over the next few years as the Union Budget for FY25 has proposed a host of measures, including increase in Kisan Credit Card (KCC) limit to .5 lakh (from 3 lakh), intr… [+2660 chars]"
Atlas Obscura,Matt Broomfield,The Twisted History Behind Medieval Torture Museums,"Tourists trickle down into the bowels of Belgrade’s monumental fortress, attracted by banners promising a ""MEDIEVAL TORTURE MUSEUM."" A $5 entrance fee secures access to three dusty, gloomy rooms, tucked away in the battlements alongside a range of other money…",https://www.atlasobscura.com/articles/medieval-torture-museums,https://img.atlasobscura.com/4dhSeaTrren3FuyHCWK2G_pJscUnHtTAp2Wlz9E4WDI/rt:fit/w:600/q:81/sm:1/scp:1/ar:1/aHR0cHM6Ly9hdGxh/cy1kZXYuczMuYW1h/em9uYXdzLmNvbS91/cGxvYWRzL2Fzc2V0/cy9iMzc0MzRjMC01/NjRjLTRiOWItYWVj/Ni1jOTFjNDVmOWIx/MDQ4YzdlMWJmN2Q2/YTc0NTRjZDlfR2V0/dHlJbWFnZXMtOTU3/NDgyMjgyLmpwZw.jpg,2025-01-16T21:45:00Z,"Tourists trickle down into the bowels of Belgrade’s monumental fortress, attracted by banners promising a “MEDIEVAL TORTURE MUSEUM.” A $5 entrance fee secures access to three dusty, gloomy rooms, tuc… [+8385 chars]"
Forbes,"Pamela N. Danziger, Senior Contributor, 
 Pamela N. Danziger, Senior Contributor
 https://www.forbes.com/sites/pamdanziger/",Fabletics Is More Than Just A Celebrity Athleisure Brand,"Activewear Fabletics has proven it has staying power, growing to $850 million in sales, 100+ stores and expanding from women's athleisure to men's activewear and scrubs.",https://www.forbes.com/sites/pamdanziger/2025/01/09/fabletics-is-more-than-just-a-celebrity-athleisure-brand/,https://imageio.forbes.com/specials-images/imageserve/677ff39795baadc905dd9420/0x0.jpg?format=jpg&height=900&width=1600&fit=bounds,2025-01-09T17:15:43Z,"TORRANCE, CA - SEPTEMBER 26: Kate Hudson visits Fabletics at Del Amo Fashion Center on September ... [+] 26, 2017 in Torrance, California. (Photo by Stefanie Keenan/Getty Images for Fabletics)
getty… [+10274 chars]"
Inman,Craig C. Rowe,Startup advisory firm Equity Angels delivers upbeat 2024 impact report,"Founded by Kenya Burrell-VanWormer and Katherine Winston, the advisory group completed the formation of a mentorship team and raised $3 million in its first year in operation, according to the report.",https://www.inman.com/2025/01/28/startup-advisory-firm-equity-angels-delivers-upbeat-2024-impact-report/,https://assets.inman.com/wp-content/uploads/2025/01/EquityAngels_ICNY24-1024x683.jpg,2025-01-28T14:56:23Z,"Turn up the volume on real estate success at Inman On Tour: Nashville! Connect with industry trailblazers and top-tier speakers to gain powerful insights, cutting-edge strategies, and invaluable conn… [+3015 chars]"
Forbes,"Alexandra York, Forbes Staff, 
 Alexandra York, Forbes Staff
 https://www.forbes.com/sites/alexyork/","Calling The Biggest And Brightest Young Founders, CEOs And Changemakers In Europe—30 Under 30 Nominations Are Now Open","Forbes is on the hunt for the next class of European changemakers. If you or someone you know belongs in the cohort of leaders—ranging from Malala Yousafzai to Marco Cancellieri, apply today.",https://www.forbes.com/sites/alexyork/2025/01/10/calling-the-biggest-and-brightest-young-founders-ceos-and-changemakers-in-europe-30-under-30-nominations-are-now-open/,https://imageio.forbes.com/specials-images/imageserve/6780280b1ee0e50525643d2a/0x0.jpg?format=jpg&height=900&width=1600&fit=bounds,2025-01-10T13:00:00Z,"Think this is nice? Its a version of the weekly Under 30 newsletter and would be even better in your inbox. 
From left: Vladimir Danila, PinkPantheress, Madeline Argy, Hendrik Kramer.
Photography b… [+12062 chars]"
CBC News,,She's helping women break mental barriers about money — and invest in themselves,"After developing a business matchmaking platform to connect women entrepreneurs with funding, Tayssa Waldron realized that the financial barriers women are often rooted in mental and emotional factors. She’s now committed to helping women build a healthier re…",https://www.cbc.ca/news/canada/montreal/tayssa-waldron-black-changemakers-1.7428790,https://i.cbc.ca/1.7213459.1716515476!/fileImage/httpImage/image.JPG_gen/derivatives/16x9_1180/tayssa-waldron-2.JPG?im=Resize%3D620,2025-01-11T09:00:00Z,"CBC Quebec is highlighting people from the province's Black communities who are giving back, inspiring others and helping to shape our future. These are the 2024 Black Changemakers.
It was 2020, the… [+8558 chars]"
The Punch,Oluwakemi Abimbola,Tony Elumelu Foundation opens entries for 2025 entrepreneurship programmes,The Tony Elumelu Foundation has announced the opening of its 2025 Entrepreneurship Programmes applications. This was contained in a statement made available to The PUNCH on Monday. The Tony Elumelu Foundation is a leading philanthropy that empowers a new gene…,https://punchng.com/tony-elumelu-foundation-opens-entries-for-2025-entrepreneurship-programmes/,https://cdn.punchng.com/wp-content/uploads/2023/09/20010152/Tony-Elumelu-Foundation.jpg,2025-01-06T23:28:03Z,"The Tony Elumelu Foundation has announced the opening of its 2025 Entrepreneurship Programmes applications.
This was contained in a statement made available to The PUNCH on Monday.
The Tony Elumelu… [+2388 chars]"
Venturesquare.net,오효진,"의식주의, 2024 서울어워드 우수상품 수상","의식주의의 '텐셀 모달 머드 요실금 팬티'가 2024 서울어워드 우수상품으로 선정되어 국내외 판로 개척과 홍보 지원을 받는다.
The post 의식주의, 2024 서울어워드 우수상품 수상 appeared first on 벤처스퀘어.",https://www.venturesquare.net/954718,https://www.venturesquare.net/wp-content/uploads/2025/01/seoul.jpg,2025-01-17T01:57:02Z,"(SBA) , . ( , : 10-2023-0160317) , .‘’ 40% 50 30% , ‘ 100’ . , . , 2 3 2 16 2 .Ritualism, 2024 Seoul Award Excellence Product Winner 
Climate tech startup 'Siksikju' (CEO Tae-i Yoon) announced that … [+4206 chars]"
BusinessLine,Our Bureau,"Coffee Board, NLM-Karnataka sign MoU to train women in entrepreneurship","Coffee Board of India and National Livelihood Mission empower women through coffee entrepreneurship, promoting gender equality and economic growth.",https://www.thehindubusinessline.com/economy/agri-business/coffee-board-nlm-karnataka-sign-mou-to-train-women-in-entrepreneurship/article69127367.ece,https://bl-i.thgim.com/public/incoming/xmvl86/article69127365.ece/alternates/LANDSCAPE_1200/IMG-20250122-WA0018.jpg,2025-01-22T12:21:34Z,The Coffee Board of India and the National Livelihood Mission-Karnataka have signed a memorandum of understanding (MoU) to empower about one lakh women members of the NLM self help groups across the … [+2121 chars]
Venturesquare.net,문지형 스타업 기자단 1기 기자,"실리콘밸리의 문을 여는 세 가지 열쇠, “자금·인재·문화”","“자금·인재·시장, 미국식 게임의 법칙을 배워라” 샌드버드·Constellation·MarqVision 창업자들이 전하는 현지화 전략 “돈보다 임팩트… 투자자·직원·고객 모두에게 ‘무슨 이익이 있나’ 답하...
The post 실리콘밸리의 문을 여는 세 가지 열쇠, “자금·인재·문화” appeared first on 벤처스퀘어.",https://www.venturesquare.net/953892,https://www.venturesquare.net/wp-content/uploads/2025/01/1736563425179-4-e1736729277506.jpg,2025-01-13T00:49:28Z,"“ 60 . 10 .” 10, UKF 2025 . 3 2 70 API , · AI Constellation , AI MarqVision .“ .”. “ 20~30 VC . VC , .” 2 2 .“ IP . . .” (Mark Lee) 4,100 . “ , VC . .”Constellation . “ 15 . 15 . 2 60% , .” “ 2% VC ”… [+5343 chars]"
Livemint,Riya R Alex,Top 6 government loans to support women entrepreneurs in 2025,"The Indian government has introduced several loan schemes to empower women entrepreneurs, including Annapurna, Mudra, Stand Up India, Stree Shakti, Cent Kalyani, and Udyogini. These initiatives provide financial resources to support women's participation in t…",https://www.livemint.com/money/personal-finance/top-6-government-loans-to-support-women-entrepreneurs-in-2025-11737559557526.html,https://www.livemint.com/lm-img/img/2025/01/22/1600x900/PTI01-15-2024-000028A-0_1705308007914_1737559833409.jpg,2025-01-27T06:00:17Z,"In the current financial landscape, women entrepreneurs are becoming a strong and emerging force in India. To promote and support the participation of women in the economy, the government has introdu… [+2865 chars]"
BusinessLine,BL Bengaluru Bureau,"Economic Survey: Startup India Seed Fund has approved ₹227 cr in funding to 1,278 women entrepreneurs","Government schemes support women-led start-ups with funding, loans, and mentorship, empowering entrepreneurs to start and scale businesses.",https://www.thehindubusinessline.com/economy/economic-survey-startup-india-seed-fund-has-approved-227-cr-in-funding-to-1278-women-entrepreneurs/article69164685.ece,https://bl-i.thgim.com/public/incoming/i9s887/article68577150.ece/alternates/LANDSCAPE_1200/IMG_bl08_Happy_women_2_1_CSAV8NHR.jpg,2025-02-01T01:42:49Z,"The Startup India Seed Fund Scheme (SISFS) has approved 227.12 crore in funding for as many as 1,278 women-led start-ups since inception in April 2021, according to the governments pre-budget Economi… [+1529 chars]"
Skift,Sean O'Neill,Hotel CEOs Navigate Trump's DEI Crackdown,"The Trump Administration says many DEI initiatives are illegal, and hotel groups are among the many companies evaluating their efforts. Both the Oval Office and C-suites are leaving the details on changes for a later time. -Sean O'Neill",http://skift.com/2025/01/30/hotel-ceos-navigate-trumps-dei-crackdown/,https://skift.com/wp-content/uploads/2025/01/ceo-panel-alis-conference.jpg,2025-01-30T15:44:53Z,"As U.S. businesses evaluate their diversity initiatives in light of scrutiny from the Trump Administration, CEOs of the largest hotel groups positioned the overall concept of diversity as essential t… [+4405 chars]"
The Times of India,TIMESOFINDIA.COM,Dehradun hosts inaugural Devbhumi Udyam conclave to empower women entrepreneurs,"The inaugural Devbhumi Udyam conclave, organised by USRLM with MSC, aims to support women entrepreneurs in rural Uttarakhand by addressing their business scaling challenges and financial access. Key insights were provided by notable institutions, highlighting…",https://timesofindia.indiatimes.com/business/india-business/dehradun-hosts-inaugural-devbhumi-udyam-conclave-to-empower-women-entrepreneurs/articleshow/117305262.cms,"https://static.toiimg.com/thumb/msid-117305201,width-1070,height-580,imgsize-401656,resizemode-75,overlay-toi_sw,pt-32,y_pad-40/photo.jpg",2025-01-16T14:38:39Z,"CBSE Board Exam Prep 2025: 9 Proven Tips to Study Smarter,NotHarder"
BusinessLine,Sudhir  Panikassery,Startup India has fuelled entrepreneurial spirit,"The initiative has simplified compliance processes, reduced bureaucratic hurdles, and empowered entrepreneurs to focus on their innovations rather than paperwork",https://www.thehindubusinessline.com/opinion/startup-india-has-fuelled-entrepreneurial-spirit/article69096759.ece,https://bl-i.thgim.com/public/incoming/9wu453/article69096763.ece/alternates/LANDSCAPE_1200/PO07_BS_Strategy_stock.jpg,2025-01-13T15:28:31Z,"India has emerged as a global hub for innovation and entrepreneurship, thanks largely to the governments Startup India initiative. Launched in 2016, Startup India has been a cornerstone in reshaping … [+3385 chars]"
Ritholtz.com,Barry Ritholtz,"Transcript: Sunaina Sinha, Global Head of Private Capital with Raymond James","The transcript from this week’s, MiB: Sunaina Sinha, Global Head of Private Capital with Raymond James, is below. You can stream and download our full conversation, including any podcast extras, on Apple Podcasts, Spotify, YouTube, and Bloomberg. All of our e…",https://ritholtz.com/2025/01/transcript-sunaina-sinha/,https://ritholtz.com/wp-content/uploads/2023/02/Mib-tile.png,2025-01-07T13:30:55Z,"The transcript from this weeks, MiB: Sunaina Sinha, Global Head of Private Capital with Raymond James, is below.
You can stream and download our full conversation, including any podcast extras, on A… [+66073 chars]"
BusinessLine,BL Bengaluru Bureau,Odisha signs MoU with 11 firms for horticulture exports,"About 10,000 participants, including farmers, women-led self-help groups (SHGs), Farmer Producer Organizations (FPOs), exporters, students, and agri-entrepreneurs participated atin Krushi Odisha 2025",https://www.thehindubusinessline.com/economy/agri-business/odisha-signs-mou-with-11-firms-for-horticulture-exports/article69072145.ece,https://bl-i.thgim.com/public/incoming/gns612/article69072157.ece/alternates/LANDSCAPE_1200/Directorate%20of%20Horticulture%20Government%20of%20Odisha%20supported%20by%20Palladium%20Signs%2011%20MoUs%20with%20Private%20Sector%20Companies%20-%203.jpg,2025-01-07T11:45:20Z,"The Directorate of Horticulture, Odisha in collaboration with Palladium Consulting India Pvt Ltd has signed 11 memorandum of understanding (MoUs) with private sector exporters at the Krushi Odisha 20… [+1474 chars]"
Project Syndicate,Ricardo Hausmann,"Ricardo Hausmann on immigration, climate finance, economic complexity, and more","Ricardo Hausmann urges the US to issue more H1-B visas, argues that Europe must become a military superpower in its own right, applies the “growth diagnostics” framework to Venezuela, and more.",https://www.project-syndicate.org/onpoint/interview-with-ricardo-hausmann-immigration-climate-finance-economic-complexity-2025-01,https://webapi.project-syndicate.org/library/c4b7c96fdfa342c8a1f86c74024db404.2-1-super.1.jpg,2025-01-14T13:58:12Z,"This week in Say More, PS talks with Ricardo Hausmann, a professor at Harvard Kennedy School and Director of the Harvard Growth Lab.Project Syndicate: Two years ago, you and Dany Bahar warned that th… [+7570 chars]"
BusinessLine,BL Mumbai Bureau,"SBI launches special training programme for 5,200 women",SBI launches special training program for rural women with diverse modules to promote self-reliance and economic independence.,https://www.thehindubusinessline.com/money-and-banking/sbi-launches-special-training-programme-for-5200-women/article69151954.ece,https://bl-i.thgim.com/public/incoming/g10by7/article69153376.ece/alternates/LANDSCAPE_1200/IMG_FILE_PHOTO__FILE_PHO_2_1_07D7TC4U.jpg,2025-01-29T04:07:14Z,"State Bank of India (SBI) has launched a special training programme tailored exclusively for women across its 153 Rural Self Employment Training Institutes (RSETIs).
 This programme, which was inaug… [+1142 chars]"
The Times of India,TNN,"For women empowerment, female participation in MSMEs must increase: Godinho","Panaji: Of the 66,000 MSMEs registered in Goa, only 1,600 are led by women entrepreneurs, said industries minister, Mauvin Godinho, on Friday.",https://timesofindia.indiatimes.com/city/goa/for-women-empowerment-female-participation-in-msmes-must-increase-godinho/articleshow/117796621.cms,"https://static.toiimg.com/thumb/msid-117796605,width-1070,height-580,imgsize-27146,resizemode-75,overlay-toi_sw,pt-32,y_pad-40/photo.jpg",2025-01-31T15:35:54Z,10 most beautiful sea animals
Biztoc.com,theglobeandmail.com,Tips for entrepreneurs experiencing post-holiday anxiety,"Ask Women and Work
Question: I’m a small-business owner coming off a hectic holiday period when business was great, almost too busy to handle! But now, I’m anxious and filled with dread about the slow months to come. How can I better cope with this ‘feast-or-…",https://biztoc.com/x/3a1b4324e141314f,https://biztoc.com/cdn/3a1b4324e141314f_s.webp,2025-01-15T13:06:10Z,"Ask Women and WorkQuestion: Im a small-business owner coming off a hectic holiday period when business was great, almost too busy to handle! But now, Im anxious and filled with dread about the slow m… [+133 chars]"
BusinessLine,Tuhin A  Sinha,India’s start-up ecosystem as a catalyst for growth,Start-ups are not only transforming India’s economic landscape but also contributing to gender inclusivity,https://www.thehindubusinessline.com/opinion/indias-start-up-ecosystem-as-a-catalyst-for-growth/article69054801.ece,https://bl-i.thgim.com/public/incoming/mbgexs/article69054805.ece/alternates/LANDSCAPE_1200/PO30_Trading.jpg,2025-01-02T15:32:27Z,"The Centre launched the Startup India initiative on January 16, 2016. To support start-ups at various stages of their lifecycle, the government has introduced flagship schemes such as:
Fund of Funds… [+2727 chars]"
Livemint,mint,The budget gives MSMEs a big boost to help make India self-reliant,"It lowers financing and other hurdles to help make micro, small and medium enterprises the ‘second engine’ of India’s growth story",https://www.livemint.com/opinion/online-views/budget-speech-2025-msme-credit-guarantee-gig-workers-dhan-income-tax-slab-8th-consecutive-budget-nirmala-sitharaman-11738246143567.html,https://www.livemint.com/lm-img/img/2025/02/01/1600x900/3-0-58338572-edit-DSC-4346-0_1679807336215_1738408845591.jpg,2025-02-01T11:23:20Z,"Micro, small and medium enterprises (MSMEs) are the backbone of Indias economic structure, contributing nearly 30% to gross domestic product (GDP), 45% to exports and generating employment for over 7… [+5177 chars]"
Biztoc.com,fortune.com,There’s a $32 trillion reason to bet big on women entrepreneurs as your 2025 investment resolution,"Female entrepreneurs, long underserved by VCs, often recognize opportunities that have been hiding in plain sight. Read More",https://biztoc.com/x/82b07c26248201a0,https://biztoc.com/cdn/82b07c26248201a0_s.webp,2025-01-08T12:53:54Z,"Female entrepreneurs, long underserved by VCs, often recognize opportunities that have been hiding in plain sight. Read More
This story appeared on fortune.com, 2025-01-08 12:48:00."
Livemint,mint,A few benefits for startups but no real dismantling of complex regulatory landscape,The Union Budget 2025-26 has some sops for the startup ecosystem in relation to funding and extending the period for some tax benefits.,https://www.livemint.com/opinion/budget-2025-startups-regulatory-internet-aifs-digitization-ai-women-entrepreneurs-income-tax-act-e-shram-portal-11738412090307.html,https://www.livemint.com/lm-img/img/2025/02/01/1600x900/startup_1738412704482_1738412704720.jpg,2025-02-02T00:00:19Z,"India has the third largest startup ecosystem in the world, which is expected to witness year-on-year growth of 12%-15%. Two or three tech startups are born everyday. The enterprising spirit of India… [+3609 chars]"
The Times of India,ET Online,"Union Budget 2025: New Rs 2 crore loan scheme for women & SC/ST entrepreneurs, says FM Nirmala Sitharaman","The Union Budget 2025-26, presented by Finance Minister Nirmala Sitharaman, outlines key measures aimed at empowering women, particularly in entrepreneurship. Key initiatives include increased credit access, loans for first-time women entrepreneurs, and healt…",https://economictimes.indiatimes.com/news/economy/policy/union-budget-2025-new-2-crore-loan-scheme-for-women-sc/st-entrepreneurs-says-fm-nirmala-sitharaman/articleshow/117818252.cms,"https://img.etimg.com/thumb/msid-117819154,width-1200,height-630,imgsize-1927559,overlay-economictimes/articleshow.jpg",2025-02-01T06:16:30Z,"Union Budget 2025: On Saturday, Finance Minister Nirmala Sitharaman presented India's Union Budget for 2025-26, marking her record eighth consecutive budget. Against the backdrop of an economic slowd… [+4449 chars]"
Naturalnews.com,News Editors,Progressive worldviews are based upon a collection of myths,Michael Huemer’s Progressive Myths is a powerful critique of contemporary progressive dogmas that eviscerates popular cliches with clinical precision. The University of Colorado philosophy professor probes a variety of explosive topics—ranging from racial and…,https://www.naturalnews.com/2025-01-20-progressive-worldviews-based-upon-collection-of-myths.html,https://www.naturalnews.com/wp-content/uploads/sites/91/2025/01/lies.png,2025-01-20T06:00:00Z,Michael Huemers Progressive Myths is a powerful critique of contemporary progressive dogmas that eviscerates popular cliches with clinical precision. The University of Colorado philosophy professor p… [+11699 chars]
BusinessLine,Shabana  Mitra & Shravani Prakash,What do women want from the Budget?,More funds must be allocated to schemes that address women’s unpaid domestic work,https://www.thehindubusinessline.com/opinion/what-do-women-want-from-the-budget/article69150326.ece,https://bl-i.thgim.com/public/incoming/d2zspw/article69150428.ece/alternates/LANDSCAPE_1200/_KMK1048.jpg,2025-01-28T15:45:26Z,"The 2024 Budget marked a significant milestone by allocating the highest-ever amount to the gender budget, accounting for 6.8 per cent of the total Budget or 1 per cent of GDP. 
While this is a step… [+6574 chars]"
Livemint,Dakshita Ojha,Best business loan schemes for women in India: Top 5 options to consider,"The rise of women-led firms in India reflects their contribution to economic growth. Government schemes like Mudra Yojana and Stand-Up India support women entrepreneurs through financial aid and training, empowering them to overcome challenges and contribute …",https://www.livemint.com/money/personal-finance/best-business-loan-schemes-for-women-in-india-top-5-options-to-consider-11736400855228.html,https://www.livemint.com/lm-img/img/2025/01/09/1600x900/rupixen-_rupee-unsplash_1732857225222_1736401056801.jpg,2025-01-09T11:27:15Z,"In India, the number of women-led firms has risen sharply in recent years, reflecting the impressive contribution of women to economic progress. The government has introduced various financial scheme… [+3993 chars]"
The Times of India,Suryash Kumar,"MSMEs get Budget push: Boosting exports, improving credit access, creating women entrepreneurs","The Union Budget 2026 has enhanced credit guarantee cover for MSMEs from Rs 5 crore to Rs 10 crore, aiming to generate Rs 1.5 lakh crore credit in five years. Micro-enterprises will receive customized credit cards with a Rs 5 lakh limit, and a fresh Rs 10,000…",https://economictimes.indiatimes.com/news/economy/policy/msmes-get-budget-push-boosting-exports-improving-credit-access-creating-women-entrepreneurs/articleshow/117821510.cms,"https://img.etimg.com/thumb/msid-117821583,width-1200,height-630,imgsize-15530,overlay-economictimes/articleshow.jpg",2025-02-01T07:15:37Z,"Artificial Intelligence(AI)
AI and Analytics based Business Strategy
By - Tanusree De, Managing Director- Accenture Technology Lead, Trustworthy AI Center of Excellence: ATCI
View Program"
Biztoc.com,aol.com,The 10 best small business grants for women (2025),"Women's business ownership is a driving force in the American economy, creating millions of jobs and generating trillions in revenue. Beyond impressive numbers, women entrepreneurs bring unique perspectives and solutions to the table, addressing gaps in indus…",https://biztoc.com/x/b8a84fcc53c3b0d9,https://biztoc.com/cdn/b8a84fcc53c3b0d9_s.webp,2025-01-02T15:28:30Z,"Women's business ownership is a driving force in the American economy, creating millions of jobs and generating trillions in revenue. Beyond impressive numbers, women entrepreneurs bring unique persp… [+149 chars]"
Nakedcapitalism.com,Yves Smith,Michael Hudson’s Introduction to Giorgio Buccellati’s At the Origins of Politics,Michael Hudson introduces anthropologist Giorgio Buccellati's fascinating book on the political evolution of earlier societies.,https://www.nakedcapitalism.com/2025/01/michael-hudsons-introduction-to-giorgio-buccellatis-at-the-origins-of-politics.html,,2025-01-04T11:00:26Z,"If you liked Michael Hudson’s introduction to Friedrich Schurtzs book, the Origins of Money, this is a companion introduction dealing more with technology and urbanization than with money. Giorgio Bu… [+21077 chars]"
BBC News,"Dan Roan, Stephan Shemilt",Mumbai Indians owners buy stake in Oval Invincibles,The owners of Indian Premier League team Mumbai Indians win the right to buy a stake in Oval Invincibles in a landmark move for English cricket.,https://www.bbc.com/sport/cricket/articles/crm7dz02emxo,https://ichef.bbci.co.uk/ace/branded_sport/1200/cpsprodpb/b867/live/1b264200-df29-11ef-9d74-4b28aaa5d38e.jpg,2025-01-30T16:48:42Z,"The owners of Indian Premier League team Mumbai Indians have won the right to buy a stake in Oval Invincibles in a landmark move for English cricket.
On Thursday the Invincibles became the first of … [+1193 chars]"
Skift,Barbara Scofidio,Planners Use Visioning to Start Off 2025,"Visioning can be a powerful tool to start the year. But it’s not enough, says Tyra Dyson, who leads a workshop for planners focused on turning visions into reality. -Barbara Scofidio",http://meetings.skift.com/2025/01/15/planners-use-visioning-to-start-off-2025/,https://meetings.skift.com/wp-content/uploads/2025/01/final-image1.jpg,2025-01-15T13:44:38Z,"Weve all seen it or done it before. People start the new year by creating a vision board with words and images that illustrate their hopes and plans.
But then they basically hang it up somewhere and… [+3275 chars]"
Forbes,"Dasha Shunina, Contributor, 
 Dasha Shunina, Contributor
 https://www.forbes.com/sites/dariashunina/",How Tech Startups Are Changing Travel For Good,"These emerging players are setting trends that will reshape how we book, experience, and connect with destinations in 2025.",https://www.forbes.com/sites/dariashunina/2025/01/31/how-tech-startups-are-changing-travel-for-good/,https://imageio.forbes.com/specials-images/imageserve/679d6eab8a951fae077a3e19/0x0.jpg?format=jpg&height=900&width=1600&fit=bounds,2025-02-01T00:49:21Z,"Young business woman working at the computer in cafe on the rock. Young girl downshifter working at ... [+] a laptop at sunset or sunrise on the top of the mountain to the sea, working day.
getty
A… [+12050 chars]"
Naturalnews.com,Willow Tohi,THE RISE OF TECHNOCRACY: How Silicon Valleyâs vision threatens the American dream,"A new form of governance led by Silicon Valley technocrats is emerging, where algorithms, AI and digital surveillance replace democracy, individual liberty and the free market. Technocrats like Elon Musk and Peter Thiel advocate for a system managed by techni…",https://www.naturalnews.com/2025-01-27-silicon-valleys-vision-threatens-the-american-dream.html,https://www.naturalnews.com/wp-content/uploads/sites/91/2025/01/Big-Tech-Wanted-Poster.jpg,2025-01-27T06:00:00Z,"<ul><li>A new form of governance led by Silicon Valley technocrats is emerging, where algorithms, AI and digital surveillance replace democracy, individual liberty and the free market.</li><li>Techno… [+6128 chars]"
The Times of India,PTI,Telangana tops in own tax revenue during Apr-Nov last year: Economic Survey,"Telangana leads in own tax revenue at 88%, followed by Karnataka and Haryana at 86% each. Additionally, Telangana excels with 86% irrigation coverage in its cropped area. The state's WE Hub initiative has significantly supported women entrepreneurs, raising R…",https://economictimes.indiatimes.com/industry/banking/finance/telangana-tops-in-own-tax-revenue-during-apr-nov-last-year-economic-survey/articleshow/117787603.cms,"https://img.etimg.com/thumb/msid-117787733,width-1200,height-630,imgsize-90628,overlay-economictimes/articleshow.jpg",2025-01-31T10:39:28Z,"Telangana is the frontrunner with 88 per cent in own tax revenue (OTR) between April - November last year followed by Karnataka and Haryana at 86 per cent each, Economic Survey 2024-25 said on Friday… [+1053 chars]"
The Punch,Daniel Adaji,Nigeria secures $183m agric intervention for 3.1 million beneficiaries,"Not less than three million household members across 456,000 smallholder farmers and rural entrepreneurs in Northern Nigeria are set to benefit from the International Fund for Agricultural Development and the Federal Government of Nigeria’s Value Chain Develo…",https://punchng.com/nigeria-secures-183m-agric-intervention-for-3-1-million-beneficiaries/,https://cdn.punchng.com/wp-content/uploads/2023/10/27023019/Farmers.jpg,2025-01-30T01:42:18Z,"Not less than three million household members across 456,000 smallholder farmers and rural entrepreneurs in Northern Nigeria are set to benefit from the International Fund for Agricultural Developmen… [+4833 chars]"
